mutants,B/P,dim1,dim2,dim3,dim4,dim5,dim6,dim7,dim8,U/D,certainty,P(U),P(D),SD(P(U)),SD(P(D))
D132H,B,0.15414642,-0.08072063,0.23627643,-0.1189666,0.21469955,0.067928575,-0.03780213,-0.05933442,U,0.7240728,0.98247266,0.017717732,0.05626802,0.057349585
E268G,B,5.0268083,-0.08654319,0.4460479,0.15039177,0.6487604,0.27208695,0.49184263,0.12643956,U,0.73105395,0.9999916,1.5127099e-05,0.000115743635,0.00020696473
G22A,B,-0.25905415,-0.009489755,-0.0505361,1.5617658,-0.1986336,-2.051323,0.30436566,-1.7579181,U,0.7307338,0.99924856,0.000899724,0.009279839,0.011544278
I219L,B,0.4988077,-0.34428102,0.32771266,0.0056745317,-0.05896806,0.06102043,-0.49095178,-1.4545466,U,0.7307644,0.9992972,0.00079322635,0.0033096462,0.0038207544
I219V,B,-1.3226,-0.029824931,-1.3171558,0.0582187,-0.8107029,-0.013953603,-0.17241248,-0.03520199,U,0.73045003,0.9984321,0.0015249891,0.010193572,0.009900352
T347N,B,-0.8949444,-0.12710288,-0.89866865,-0.07248329,-0.49054956,-1.110126,0.015051756,-0.052544,U,0.729239,0.99532175,0.004556815,0.041738838,0.040891778
V213M,B,0.4474237,0.046372317,-1.1587425,-0.93292224,0.81433994,0.3413832,-1.2323865,0.16201669,U,0.7310106,0.99988604,0.00012975375,0.0011380176,0.0013169167
V326A,B,-0.49191585,0.11338918,-0.5376053,-1.123646,-0.7410954,0.24544655,-0.295236,0.39689577,U,0.7307911,0.9993089,0.0006689059,0.00544861,0.0053148484
A21E,P,0.13686877,-0.04116464,0.5135106,-0.10029722,-0.61572844,-1.0902796,-0.88116837,-0.1550569,D,0.7283405,0.0071566305,0.993376,0.058636002,0.057712365
A21V,P,0.25705314,-0.08597563,0.33035046,-0.01359512,-2.2316103,-0.25205687,0.101387985,-0.09949808,D,0.7300013,0.002779261,0.9974084,0.041012682,0.039434064
A29G,P,-0.94341344,0.097605996,-0.21987234,-0.651299,0.70310223,0.3790074,-0.024953334,-0.46801987,D,0.7225631,0.021051612,0.9782628,0.07839347,0.079830155
A128P,P,0.42673004,-0.020914061,0.35760722,0.06903914,0.22407742,3.1965544,0.49499273,-0.024177488,D,0.73105794,1.7841083e-06,0.99999875,2.1952552e-05,1.6504768e-05
A281V,P,0.07499292,-0.27591574,-0.74417126,4.49138,0.89115113,-0.18711609,0.14610557,0.19180252,D,0.7269288,0.01044008,0.98953587,0.089271635,0.089659244
C77R,P,-1.7197107,0.043576878,0.06378288,0.15545198,0.33503985,-0.08129136,-1.4156467,-0.1173109,D,0.7288406,0.005538071,0.99428606,0.05216769,0.053232733
C77Y,P,0.257692,-0.76506805,-1.1347104,-1.1275675,-0.8852263,0.18572758,0.41525146,0.07690343,D,0.7304582,0.0016247616,0.99857336,0.00939674,0.008647373
D41H,P,-1.9815061,-1.0857984,0.46023047,0.030458504,-0.03860448,0.30962685,0.1756976,0.046711612,D,0.7310513,1.8086377e-05,0.9999811,0.00016283403,0.00016520386
D63E,P,0.21469091,2.82671,-0.11271678,0.14572223,0.5356521,0.15629643,0.5866749,1.9947139,D,0.7310121,0.0001249529,0.99988854,0.0016404635,0.001485036
D63N,P,-0.41995847,-0.82577205,0.66649437,-0.11063915,-0.42380762,0.017161418,-0.7897406,0.0013223971,D,0.7229136,0.020514142,0.9794745,0.07895243,0.07986344
E102D,P,0.14102641,-0.15880162,2.474714,-0.07822634,-0.49793747,0.07593166,0.4634091,0.18671943,D,0.7310565,5.8663477e-06,0.99999523,4.8960923e-05,4.0129755e-05
G67E,P,-0.7447882,0.10619834,-1.0260954,0.48003694,0.033362493,0.017085096,1.963431,-1.5686734,D,0.7307218,0.00086833705,0.9991561,0.012674491,0.012680559
G67R,P,0.538541,0.3428228,0.52157444,-0.30775037,0.71782047,0.3925419,4.6625323,0.21260728,D,0.7310586,6.359059e-14,1.0,1.0944383e-12,0.0
G67W,P,-1.4783093,-0.063007504,0.18477878,-0.0046567516,-0.6595763,-1.1489702,0.55605817,-0.15227985,D,0.72989875,0.0028702484,0.9969793,0.015941802,0.016575132
G244D,P,0.5416886,-0.14473356,-0.1377473,-0.85948795,0.23522305,-1.2021323,-0.21839683,0.046250522,D,0.72912663,0.005356992,0.995553,0.02052771,0.01773452
H329P,P,-0.3142312,-1.7277788,0.20314777,-0.01931331,-1.4526469,0.18233676,0.6754673,-0.07990563,D,0.7310578,2.058194e-06,0.99999833,8.8203615e-06,7.969515e-06
I19F,P,1.4916259,2.9526768,0.37860334,-0.11625367,0.18401515,-0.07452166,0.26807997,0.024666363,D,0.7307193,0.00092269696,0.99919796,0.015536231,0.013572418
I107K,P,0.3508875,0.041681014,-0.43912163,-1.0875998,-0.84355646,-0.646939,0.3799973,-0.2842148,D,0.7273389,0.010019939,0.99118286,0.032820515,0.030091988
I107R,P,0.29099396,-0.08034341,3.022745,2.8288007,0.69516677,0.10555312,-0.8022804,0.13414289,D,0.7307756,0.00086970924,0.99943095,0.01587041,0.010384611
I276R,P,-0.620108,-0.038142886,0.34482613,2.3435385,-1.3283939,0.09893188,0.09554945,-0.022929091,D,0.7306612,0.0010076568,0.99898756,0.014231228,0.014677901
L155R,P,-0.0791437,3.0510125,-0.70557356,0.16935855,0.6826302,0.22476354,0.25033793,-1.4196439,D,0.7310586,7.830041e-08,1.0,4.6853984e-07,3.9448366e-07
L260R,P,0.3261564,1.7516915,0.43229872,-1.0362328,0.54459304,0.3223106,0.073468365,0.1545074,D,0.7296496,0.003794569,0.99663997,0.025903132,0.023509042
M35R,P,-0.8440651,-1.1844813,-0.2513571,-0.37865052,0.9084503,-0.8150861,0.0025515147,-0.2630025,D,0.73071676,0.00087504846,0.9991374,0.001930911,0.0019489067
N38K,P,0.24863473,0.07404337,2.2196515,0.035959914,0.7598941,2.3557003,0.1069506,0.069509424,D,0.7290815,0.0051263855,0.995094,0.048817057,0.047334563
N38S,P,0.3714317,0.079765506,0.33931348,-0.44414926,-0.35983652,-1.2840755,-0.31361032,0.044437736,D,0.73056036,0.0013929897,0.99886024,0.004890103,0.004052468
N306K,P,0.41417873,-0.2404866,0.036860093,0.015450718,-1.2704012,0.2234321,0.01272744,3.3109877,D,0.7310586,3.671564e-08,1.0,5.304606e-07,4.0647566e-07
P28L,P,-0.83597577,0.05300316,0.27380913,-0.24968551,-1.7317162,0.3499193,-1.465459,0.13671176,D,0.71737844,0.033749335,0.9652441,0.09358626,0.09557079
Q346H,P,0.17605843,0.03806309,0.5236208,-0.67093736,0.098765604,0.08374051,0.32026365,-1.4128402,D,0.72865677,0.006406299,0.9942246,0.05822876,0.05502705
Q346R,P,0.33911383,0.053240538,-1.3098406,0.18905878,-1.0221871,-0.1326824,-1.918818,-0.39174995,D,0.72853005,0.006684361,0.99386173,0.05374324,0.05320174
R100P,P,-0.09419928,-0.8410451,-0.7192127,-0.7289506,0.27161002,0.3850258,0.019646572,-0.84225136,D,0.7249404,0.016225403,0.98532706,0.07210203,0.06821227
R127K,P,0.05366957,-0.2182966,0.49126127,0.008557267,0.18345062,0.093303084,-0.12333285,0.12717749,D,0.539405,0.42299354,0.5809411,0.37696612,0.3777841
R182G,P,0.24508923,-1.7864465,-0.24945338,0.17408252,0.7962153,0.35847473,-1.1716712,0.018659212,D,0.7309816,0.00022336145,0.9998317,0.0026420478,0.0020547188
R182K,P,0.3247244,-1.031524,-0.853595,0.2727242,0.39583886,-1.7855239,0.47185275,0.068244986,D,0.7308877,0.00048367362,0.9996148,0.004868132,0.0040122755
R226Q,P,0.41138893,-0.44742036,0.5777194,-0.18857719,0.7265034,-0.7258034,-1.527811,-0.7039521,D,0.72899395,0.005742907,0.99526715,0.032239188,0.027389092
R265C,P,-0.045219313,-0.60837543,0.47489518,-1.2468753,0.16943362,0.21087635,0.46462688,-0.029407987,D,0.7291347,0.0050594783,0.9952963,0.053709377,0.053090625
R265S,P,-0.63302934,-0.09105565,-0.5918099,0.09597752,0.14379115,-1.6013846,-1.2603484,0.16589314,D,0.7239871,0.017639898,0.9819656,0.061205037,0.06251479
S44F,P,0.40412414,0.13719879,0.41866243,-0.073229164,3.6763313,0.16566822,0.4191359,-0.18442303,D,0.7297621,0.0033342175,0.9967502,0.050941575,0.0503734
S247P,P,-1.0274683,-0.62931967,-2.0795138,-0.0015285135,0.3949914,-0.332911,0.4738742,0.17930596,D,0.72866774,0.005984274,0.9938581,0.0127202,0.013176267
S295G,P,0.5552756,-1.0272119,-0.6364583,-0.3762416,-1.400521,0.448866,-1.3603256,0.09017355,D,0.7306616,0.001126193,0.999108,0.0075178593,0.0061151693
S295N,P,-0.43071273,2.3511906,0.60805285,0.08953318,-0.6631267,0.17555328,0.45691234,0.047877222,D,0.73099947,0.00014746454,0.99984705,0.0018128277,0.0019069834
S295R,P,0.5177537,0.07514124,-1.8047966,-0.058195874,-1.0614432,0.26875022,0.41720814,0.054433387,D,0.73085237,0.00057118107,0.9995225,0.0051170914,0.0045775655
T82I,P,-0.1854307,0.063279435,0.5722692,-0.60924256,0.61360943,-0.5747063,0.08742023,-0.5959548,D,0.7230129,0.020688336,0.98014474,0.09240163,0.090507925
T117M,P,0.13732283,-0.1347083,-1.4472724,-0.13316508,0.6682146,0.100586385,-0.118800774,-1.6430877,D,0.72858727,0.0065645487,0.9940314,0.05768144,0.053813543
V49E,P,-0.38873923,-0.12517516,0.49737984,-0.39343992,0.84251165,-0.22703648,-0.020437771,2.7228186,D,0.7310552,9.075289e-06,0.99999213,7.140528e-05,6.1115345e-05
V185G,P,0.37962687,0.058261376,0.42783183,-0.05737388,0.67702454,3.466328,0.2687178,3.0259974,D,0.7308855,0.00046343618,0.9995832,0.00835121,0.0075353216
