mutants,B/P,dim1,dim2,dim3,dim4,dim5,dim6,dim7,dim8,dim9,dim10,dim11,dim12,dim13,dim14,U/D,certainty,P(U),P(D),SD(P(U)),SD(P(D))
A129S,B,-0.023700004,0.8589831,0.8467853,-0.09414043,0.26962247,-0.36903006,0.87123483,-0.36117193,0.04156014,0.14453182,1.9590374,1.2199454,-1.7231436,-0.44622126,U,0.73103905,0.99995255,5.1918792e-05,0.00074793136,0.00081107544
A129T,B,0.20543027,-0.026088575,0.07124218,-0.27001467,0.42500734,0.51994544,0.50824755,-0.9131819,0.40153787,0.23396309,0.39913073,0.583025,-0.4931577,1.0237522,U,0.7271687,0.9901492,0.009844214,0.059525345,0.05933658
C124S,B,-0.10063105,0.39956108,0.07993878,-0.17530182,0.088411905,0.033801783,-0.13965927,0.20473655,0.17466575,-0.15813905,0.33196938,0.2202881,-0.38088384,0.14604242,U,0.7106846,0.94943386,0.050722625,0.069330394,0.06882662
E298K,B,0.018140575,0.82817113,0.56718326,-0.10042938,0.17260765,0.44733375,0.1980076,-1.329851,0.7361084,-0.15997317,2.2945855,-1.8694067,-1.4417769,0.48746955,U,0.7299462,0.9971902,0.0028406738,0.024433143,0.024571648
G108S,B,0.025014637,0.61058825,0.28053024,-0.13499501,0.16424362,0.32692513,-0.3539414,0.14193903,0.55280954,-0.62027985,-0.06725598,0.09835506,-0.18747796,0.11203476,U,0.72212386,0.9775596,0.022538427,0.06062493,0.060286984
G293W,B,-0.12201622,0.070745066,0.52467424,-0.105510406,-0.21767257,-0.10604732,-0.10063161,0.12512113,-0.024500793,-0.49996844,0.91066206,-0.9298889,0.19081475,0.1394904,U,0.7286833,0.99393827,0.0059859096,0.021996088,0.02144079
H115R,B,-0.105974965,0.050247267,0.08822985,-0.15139842,-0.11123949,0.3354499,0.18728726,0.13776219,0.47555593,-0.11688614,-0.5660459,0.00025644503,-0.28305376,0.0027260242,U,0.69023657,0.90045935,0.09923378,0.16136344,0.16025078
H296Y,B,0.050235525,0.236218,0.45001873,-0.10996686,-0.015283526,0.0066259466,0.20389663,0.5492465,-0.24695994,0.049001884,0.64935106,-0.93323606,-0.2513575,0.42052022,U,0.7211492,0.97491014,0.024741115,0.077672094,0.076527566
L289F,B,-0.3345841,0.7107866,0.76674914,-0.07689704,0.26912996,0.12669429,0.498123,-0.09689269,0.30918467,-0.4074617,-0.51435775,0.108112164,-0.33184242,0.13371244,U,0.7183121,0.96826583,0.0321613,0.09187246,0.09208014
N235S,B,-0.18105206,-0.19057314,0.13867655,-0.13671859,0.15477793,-0.5912603,-0.42844477,0.6476703,0.241292,0.32155457,-0.859266,-0.7598332,1.3481939,-0.01905646,U,0.7254722,0.98561907,0.013848975,0.096297935,0.094756655
N263S,B,0.084405415,-0.4756721,0.26236382,-0.10659966,0.17860863,-0.2572729,0.28846025,0.009944874,0.059021145,0.19327319,-0.22411686,-0.045751274,0.16146556,0.5104024,U,0.7155361,0.9609763,0.03855034,0.07569198,0.074420676
Q165K,B,0.06885859,-0.6125174,0.65853274,-0.09146543,0.23468113,0.17805637,1.0466415,0.014447617,0.117017485,0.22027528,-1.1552869,-0.70140594,0.30079266,0.5273458,U,0.72304153,0.97942245,0.019823294,0.060920738,0.058984887
Q192H,B,-0.07643503,-2.0557592,1.0596713,-0.16614693,-0.29285446,0.4513399,-0.63914794,-0.70870954,0.54110557,0.351771,-0.5042922,0.72228575,0.6052057,0.32613173,U,0.7295207,0.9960555,0.0038634986,0.0203012,0.019819897
R202G,B,0.07652462,0.34522608,-0.23143978,-0.16764294,-0.42733634,0.03398383,-0.4548413,0.27109987,0.07833904,-0.2379729,-0.23475914,0.60873514,-0.427748,0.32334602,U,0.72798616,0.9922487,0.007819562,0.054374836,0.054257985
R290H,B,-0.12207568,0.6557465,-0.3083279,-0.19470116,0.06273687,0.41202307,-0.019890077,0.076997735,0.2838042,-0.4602337,-0.34470013,0.034397192,-0.46253642,0.3545107,U,0.7185344,0.96865845,0.031455155,0.092466496,0.09210652
S185N,B,-0.055675037,0.066214204,0.02655505,-0.094121456,-0.08592352,-0.053654037,0.31619462,0.43661925,0.07247223,0.044689097,-0.27911636,0.025215888,-0.33717024,0.1275296,U,0.7074028,0.9413007,0.058497086,0.09851499,0.09766907
S303G,B,0.20819362,0.53126675,0.6496397,-0.028967462,-0.25603792,-0.087716475,2.0334823,0.8237069,-0.7704508,0.036446556,-2.7190819,-1.538707,1.394105,0.48706335,U,0.73057646,0.9986622,0.0011129999,0.017954769,0.014977778
T170M,B,-0.06137921,0.58535695,0.5975528,-0.1671606,0.25420967,0.39776585,-0.3412978,0.49689355,0.07704172,-0.040891577,-0.07107709,0.66621333,-0.74767315,0.0886795,U,0.71953285,0.9713082,0.029162617,0.0725065,0.072569735
T312S,B,-0.13522033,-0.4305578,0.012719963,-0.23310073,0.2097086,0.24024034,-1.2005191,0.7481927,0.62951094,0.30318317,-0.6650528,-0.6545973,0.9492723,0.056362364,U,0.7290071,0.9946306,0.0050393906,0.022767674,0.021312406
V122M,B,-0.11077902,0.18885286,0.73739135,-0.16278163,0.031920448,-0.13601723,-0.044517923,0.04843519,0.24792656,-0.06841324,-0.29583412,0.0550879,0.15642959,0.3721671,U,0.70940167,0.9461836,0.053703777,0.09716603,0.09628392
V157I,B,0.22509937,0.39542904,-0.2750178,-0.34950218,0.27529496,1.4895254,-1.6142862,0.05741542,-0.05758533,0.022158729,0.19449276,-0.5293179,-0.34264192,0.8832691,U,0.7299011,0.9970547,0.0029338144,0.010201172,0.010057729
Y107H,B,-0.23024368,-0.1406359,0.29301772,-0.21730582,0.1538827,0.25355485,-0.82398784,0.37098816,-0.10126534,-0.19162434,0.42910862,-0.8158158,0.8486644,0.2663895,U,0.7250227,0.9844703,0.014955869,0.045935128,0.044263434
R110H,B,-0.16959733,0.6021219,-0.04867503,-0.19983141,0.07275563,-0.027670594,-0.13138418,0.03108368,0.20518777,0.10816454,0.9095989,0.22414994,-0.97339565,0.27125302,U,0.7236144,0.9813268,0.018865075,0.059715196,0.059562918
A276G,P,0.03514101,0.005461885,0.4515061,-0.09205492,-0.10083338,-0.0071297106,0.61978436,0.5252217,0.17957695,0.035338197,-0.3532906,-0.06926973,-0.648276,0.08264511,D,0.5470065,0.404223,0.5928058,0.31395406,0.31364226
C141Y,P,-0.13225788,-0.048671752,0.13355781,-0.1008466,0.25470445,-0.54440206,0.27468455,0.34909377,0.19517177,-0.006734239,0.19157197,0.04748432,-0.11972415,0.1774962,D,0.669528,0.14559871,0.8516498,0.19530103,0.19670515
C176Y,P,-0.11470797,0.568138,0.16195191,-0.18323071,-0.39157343,0.54299504,0.23676245,-0.11592357,0.7972571,-0.3834717,-0.6556646,-0.5397295,-0.41245207,-0.08046802,D,0.6335014,0.2254015,0.77266926,0.2834442,0.28371564
C238F,P,-0.21941586,0.7779383,0.7328527,-0.04734058,0.13477455,0.25045735,-0.5397772,0.63895303,-0.44898292,-1.1239316,-0.6026618,0.65475345,-0.058530852,0.25070876,D,0.7296509,0.0035078432,0.99636,0.017579034,0.018063
C238R,P,0.34750834,0.86100376,-0.3010544,-0.14879239,-0.07380594,0.07829061,-0.6647962,-0.11848853,0.45589447,-1.2082464,0.47419629,0.26717913,-0.033663876,0.7431841,D,0.66034436,0.16701253,0.83184177,0.2827683,0.28307638
C238S,P,0.07868747,-0.8683674,-0.13070028,0.019604176,-1.5571783,-1.7406259,1.0107447,-0.6095606,-0.05638683,0.2667674,-0.5265554,0.48092782,-0.87650526,0.55989116,D,0.7273041,0.009475138,0.9904626,0.08176273,0.081844255
C238W,P,0.06337541,-0.6073179,-0.34481573,-0.064262055,-0.0875252,-0.17694461,0.3459434,0.30600697,0.08256484,-0.3937752,0.35440928,0.00622247,0.042356305,0.02862043,D,0.7214722,0.023869528,0.9756456,0.1029846,0.1038499
C238Y,P,-0.079231545,0.23433149,0.12962064,-0.16495727,0.006684909,-0.29865316,0.5822018,-0.015616363,0.3531142,0.085278176,-0.48406819,0.5093408,0.36742875,0.04646311,D,0.7190661,0.029799173,0.96963316,0.101629406,0.102358
C242R,P,0.06952766,-0.08902102,-0.13883393,-0.12365125,0.056488775,0.5147685,0.7987018,0.55560124,0.029041372,-0.16094314,-0.039714526,0.10235501,-0.6659318,-0.049619474,D,0.68866235,0.10242987,0.89630294,0.20848647,0.20919736
C242Y,P,0.113233805,-0.20005472,-0.21347298,-0.15070847,0.17406702,0.1672216,0.50121117,0.23632595,-0.08915631,-0.018716032,-0.071926005,0.19055274,-0.4372027,0.50594676,D,0.67699015,0.12885644,0.86883026,0.2020584,0.203716
C275Y,P,-0.12742408,0.3067431,1.2393721,-0.3660474,0.33472103,1.3307484,0.4855651,-0.6192892,0.3324463,0.29482937,-1.2519602,0.1683275,0.7544066,0.75605977,D,0.71986914,0.027751083,0.97156364,0.10281993,0.103886396
D281G,P,0.06524243,-0.9617647,0.37088525,-0.011868102,-1.7677084,-0.049671385,-0.063241966,0.02555313,0.026886292,-0.39602393,0.31027237,-1.5062399,-0.48423135,-0.24407776,D,0.7249748,0.015005514,0.9842799,0.05997048,0.061694402
D281N,P,0.12974255,0.6712184,-1.1275828,-0.29578775,-0.009531527,1.1345065,-0.6346963,0.85836864,0.016009748,-0.16091207,-1.4293947,-2.5257628,0.31817585,1.3005621,D,0.7274364,0.00875946,0.99041426,0.044817988,0.047748927
D281V,P,0.14105307,-0.78409487,0.7258055,-0.18989913,-0.14294265,1.4611112,-0.43871203,0.7594226,-0.23029602,-0.4002479,-0.5570067,0.58989,-0.77088624,0.10710418,D,0.73058355,0.0011773739,0.99876267,0.0057405867,0.0059874724
D281Y,P,-0.080646895,-1.1889279,0.74372625,-0.15210205,-0.060052376,0.8514276,-0.12912484,-0.06713623,-0.15511356,-0.24731888,-0.19301881,0.2705882,-0.11455431,0.27399713,D,0.70161027,0.07184504,0.9268225,0.16881128,0.1702955
E258K,P,-0.01926345,0.4488967,0.60108215,-0.09818098,-0.20771395,-0.4226092,0.43397743,0.2151827,0.63713807,0.023907544,-0.8181749,-0.17139535,0.33639592,-0.05676032,D,0.664615,0.1565454,0.8404742,0.21453173,0.2162223
E285K,P,-0.14426015,-0.4507323,-0.062520385,-0.20668732,0.30784222,0.11192756,-1.7377553,0.68398726,-0.02989363,-0.051144104,0.20039617,-0.49613285,1.5213995,0.029128622,D,0.68375033,0.111998804,0.8830597,0.21274644,0.21725723
E285V,P,-0.08530984,1.2097297,-0.34905842,-0.10409941,0.19806409,-2.121747,-0.77101225,-0.8063857,0.83368397,-0.39154878,0.96843296,0.8872169,1.3741486,0.4888,D,0.7310586,1.6427536e-12,1.0,2.9977406e-11,0.0
E286K,P,0.079320624,0.61644524,-0.3349369,-0.12881412,-0.11648952,-0.22275484,0.49043757,0.10271553,0.03389589,-0.4201122,-0.7030715,0.47810644,0.12599327,0.2307555,D,0.69370127,0.09086092,0.9083413,0.20648907,0.20704284
F134L,P,-0.18121967,0.7252777,0.05552517,-0.164641,0.11720782,0.12772132,-0.4299941,-0.047752008,-0.120338656,-0.5306691,0.13329376,0.3363955,0.21337815,0.22014615,D,0.63219273,0.228436,0.7700711,0.30850238,0.30869249
F270S,P,0.080746345,-0.5641143,0.31939167,-0.18952802,0.10618306,0.41086227,0.7006417,0.52808994,0.44049835,0.16652626,-0.113646396,0.9520451,-0.14375821,-0.6810874,D,0.72969526,0.0034158563,0.9964929,0.024761247,0.025249153
G244D,P,-0.09372219,1.4115063,0.4290696,-0.1213002,0.41279653,-1.4766147,-0.015467325,0.6924214,0.73128396,0.11238837,-0.32790884,0.875214,0.49944437,-0.01993115,D,0.73038185,0.001696005,0.99825686,0.018056206,0.018346043
G244S,P,-0.066385455,0.5094221,-0.26687092,-0.15008916,0.16309777,0.5661229,1.705065,-0.36889356,-0.28337318,0.25664338,-1.7886734,0.34651828,-0.050632883,0.6454631,D,0.7308548,0.0005106197,0.99947417,0.007950915,0.008141749
G245C,P,0.0076364377,-0.09673543,0.38235134,-0.099598035,-0.24584202,-0.040099747,0.88894254,-0.009327465,0.40428627,0.14923275,-0.42479953,0.4528158,-0.1912331,-0.3596526,D,0.71962,0.028462877,0.9710403,0.094914146,0.0954754
G245D,P,-0.63107073,-0.43952957,-1.291165,0.023524307,-0.47327456,0.7720613,0.89013606,-4.101803,0.1846384,-0.13205849,0.49437636,0.77046037,1.5490216,-2.778624,D,0.7310586,8.57e-25,1.0,0.0,0.0
G245S,P,0.25277773,0.5056445,0.09170606,-0.026783274,8.613549,0.57932216,1.1700993,-0.13403675,-0.22719449,-0.02923496,1.4371619,0.6565277,0.8257195,-0.58005196,D,0.7310586,8.3063176e-36,1.0,0.0,0.0
G245V,P,-0.14681436,0.8825999,0.39142352,-0.13855878,-0.25250295,-0.3654258,-1.4451201,-0.14153594,-0.24596608,-0.51434356,1.4453729,-0.616944,0.2713331,0.37775376,D,0.7070236,0.05879338,0.9397653,0.14217107,0.14386448
H179Q,P,-0.122596756,0.6421018,0.19910556,-0.24209876,-0.06292275,0.2951396,-0.2150017,0.27611017,-0.12204014,-0.09101309,0.14291443,-0.42706978,-0.20409821,0.43304855,D,0.59484106,0.3058961,0.6899108,0.27392992,0.27420238
H179Y,P,-0.16808005,0.43978876,0.1772794,-0.24926,0.21661423,0.26059604,-0.6257851,0.69173306,-0.091099255,0.19949462,-0.22369608,-0.3364505,0.16523565,0.36928305,D,0.6522009,0.18361805,0.8123457,0.23028332,0.23165078
H193P,P,-0.115053006,-2.2037277,-0.54699576,-0.12152297,-0.44481528,-1.0241222,-0.29033312,0.048619803,0.5809116,0.12166861,1.9952884,0.75884295,0.30147314,0.50755745,D,0.7310566,4.7600306e-06,0.9999947,4.070929e-05,4.5589088e-05
I195T,P,0.1719209,-1.6852952,-0.58751667,-0.1952485,-0.10893831,1.0898874,-0.39435783,0.7266458,0.54934645,0.097662404,1.051288,0.9862549,-2.2039251,0.46736616,D,0.7305205,0.0013496232,0.99861467,0.01774706,0.018036768
I251L,P,-0.27116203,0.6598996,-0.15479586,-0.16632992,0.06482523,-0.51836544,-0.76553434,1.0306709,0.29785326,0.7088389,-0.44154733,-0.33473504,-0.8531727,0.5643707,D,0.68528134,0.109978564,0.8881291,0.2203098,0.22150779
I254N,P,-0.07621674,0.94622403,0.83222383,-0.029088935,0.23403987,-0.9429637,0.9489261,1.1246784,0.510008,0.33284563,-0.58844984,-0.71307653,-1.2831796,0.73421896,D,0.7239246,0.017697193,0.9817104,0.06453705,0.065316156
K292I,P,-0.4556311,-1.9918488,0.8521792,-0.21496813,-0.27303034,0.73139405,-0.040496428,-0.9252822,-0.99355185,0.14313722,-0.041276343,1.1411599,-0.48029026,0.89578336,D,0.7309695,0.00021975479,0.99976665,0.00214711,0.0022600156
L130P,P,-0.37624362,1.2572138,-0.11187011,-0.058044787,0.044601716,-0.1311927,0.24141182,0.71707046,0.16252564,0.21962343,0.6573617,-0.5663467,-2.3980582,0.32009485,D,0.726578,0.011242033,0.98857147,0.037786316,0.038018763
L265P,P,-0.09094222,0.075617105,0.026648778,-0.14804585,0.06631126,-0.28931496,0.0650865,0.10202011,0.13131888,-0.022555053,0.36631212,0.1448443,0.08520932,0.14573838,D,0.59289825,0.31061974,0.6865795,0.30464008,0.3049186
M133T,P,-0.029772945,0.57358783,0.8987338,-0.15067385,0.1130921,0.07152811,-0.369904,0.17562091,0.39308742,-0.28150398,-0.07185614,0.35897744,-0.41934857,0.24783441,U,0.5476607,0.59544444,0.4042209,0.30904728,0.30816847
M246R,P,-0.07858893,-0.04402783,0.023915382,-0.17072274,0.18907481,-0.08409842,0.5199079,0.087575175,0.02046298,0.08349417,0.13505816,-0.0547152,-0.39197075,0.41969213,D,0.64646935,0.19666629,0.8002217,0.23392694,0.23470917
M246V,P,0.18833932,-2.319542,0.24846599,-0.07296388,0.30920783,-1.0113734,-1.6595238,0.13019367,-0.41703042,-0.39816687,0.49318582,0.34612605,2.6784096,0.745471,D,0.7310586,3.353779e-08,1.0,3.943323e-07,4.5293848e-07
N131Y,P,-0.07225803,0.10844916,0.06746864,-0.1708076,-0.06327501,0.17857017,0.4931555,0.16011839,0.43321133,-0.08685648,-0.33780643,0.11699509,-0.11977132,-0.009203846,U,0.5116465,0.52252346,0.4759289,0.38288918,0.38198277
P151S,P,-0.13147517,0.5281807,0.74713147,-0.20409024,0.25844988,1.166515,0.7797411,0.6112757,0.5848374,0.20746784,-0.38435233,0.5996812,-1.0858222,-0.6292863,D,0.7294321,0.004101915,0.9958452,0.021287968,0.021403622
P152L,P,0.05315041,-1.7928271,0.7047581,0.016113859,-0.05837332,0.18787116,-1.615409,0.21662529,-0.3265345,-1.288295,0.6653797,0.9974725,1.412412,-0.16459203,D,0.73105556,7.4853037e-06,0.99999195,0.00012892068,0.00013955927
R110L,P,-0.13690467,-0.2060628,0.42549965,-0.14819084,-0.13823688,-0.6624474,-0.17288342,0.4779749,-0.63714373,0.07156382,0.8663118,-0.04048075,0.34998193,0.34966618,D,0.6714102,0.14187914,0.8564493,0.26821476,0.269478
R110P,P,0.01565497,0.32054234,0.21395445,-0.19639389,0.10605135,0.30866736,-0.22653662,0.35656992,0.03397939,-0.22162612,0.30440706,0.4195112,-0.42801377,0.28898177,U,0.59230316,0.6863492,0.31285456,0.28162268,0.28026286
R158G,P,-0.20908335,0.706185,-0.23518021,-0.10505079,-0.035013914,0.010882161,0.20179865,0.03543792,0.082685426,-0.27079397,0.38221854,-0.23633507,-0.88295054,0.17783429,D,0.55543184,0.3879084,0.6105508,0.34055772,0.33980182
R158H,P,0.0745048,0.44093212,0.27775103,-0.13945876,-0.10308795,-0.3312658,-1.0787785,-0.40695107,0.6820616,-0.64815235,-0.6466132,0.9776567,0.6124472,0.5970552,D,0.69508713,0.08752413,0.91153556,0.20542301,0.20613225
R158L,P,-0.062873445,-2.278056,0.15525496,-0.072664246,0.0409411,0.73589903,-0.0058895494,-0.3607678,0.71939987,-0.12955193,0.09228947,-0.12479636,-0.8915961,0.35773462,D,0.72742856,0.008905276,0.9905205,0.038246807,0.04001066
R175G,P,-0.05751181,-0.11990113,0.35504958,-0.058901146,-0.8135928,1.3280838,1.5164254,-0.440575,-0.54630893,-0.02607803,0.005153787,0.6100385,-3.031203,-0.2193256,D,0.7310581,1.2081391e-06,0.99999875,1.1172423e-05,1.1840532e-05
R175H,P,-0.123042524,-0.89176995,-4.410304,5.2386646,-0.34417486,0.10341842,-1.100627,0.055973597,-4.1972427,0.19473872,0.015134311,-1.1551563,0.87700146,-6.54366,D,0.7310586,0.0,1.0,0.0,0.0
R181H,P,-0.011463401,-0.022959186,0.14372122,-0.15355788,0.14001262,-0.11582722,0.627359,0.044880714,0.20782703,0.12207827,0.20206152,-0.005705432,-0.25901917,0.40120348,D,0.59579885,0.30435237,0.6923429,0.2919471,0.2921378
R181P,P,-0.025884198,0.15797828,-0.019150866,-0.15639447,0.13265753,-0.0025284416,0.4247698,-0.11940348,0.28476202,-0.13360465,0.3590839,0.12132254,-0.3934227,0.3135794,D,0.5988199,0.29866037,0.6992108,0.3003898,0.30008137
R213P,P,-0.06270395,0.15534484,0.23614141,-0.15047376,0.02472569,-0.21324103,0.81653947,-0.1788053,0.19721633,0.10215779,-0.05104112,0.36546037,-0.055991665,0.128368,D,0.69833565,0.07974719,0.91913205,0.14962228,0.15021351
R213Q,P,-0.0038163569,0.23071693,-0.21460895,-0.12957351,0.20064327,-0.5465859,0.25479653,0.2974004,0.24099752,0.16428885,0.1876572,0.37802735,0.18496461,0.16832809,D,0.708595,0.05520035,0.9437701,0.15058762,0.1518125
R248L,P,-0.16458867,-0.6129341,0.19497557,-0.07888208,0.13384826,-0.76707375,0.70245236,0.5608485,0.0018890754,-0.23356564,0.54087687,-1.5485997,1.0661303,0.2663028,D,0.71784884,0.03217584,0.9659921,0.10563777,0.10878616
R248P,P,-0.13415672,0.028472133,0.24717957,-0.14542307,-0.1445751,-0.017844154,-0.0788657,-0.6461532,0.55943537,-0.3338608,-0.80859274,0.41628298,0.1569463,0.4065834,D,0.6936361,0.09080356,0.90797764,0.1766269,0.1775211
R248Q,P,-0.60284334,0.23135202,-4.117902,-0.10706978,-0.38996276,1.2406908,-0.47130972,0.84415513,-0.55231804,0.15806073,1.2102994,-3.733319,1.813837,-3.3521082,D,0.7310586,6.9679284e-20,1.0,1.2715265e-18,0.0
R248W,P,0.15397403,-2.490997,1.4759601,-0.033912603,-0.8523585,0.07755906,-1.2309531,-0.21404652,0.2650861,0.18751083,-0.240578,1.2739401,1.0613793,-0.2240882,D,0.7283183,0.0068376064,0.9929446,0.057069443,0.058419637
R267W,P,0.081541754,0.07205989,0.49357912,-0.12544173,-0.091366164,-0.15380731,0.45810488,0.18757212,-0.06999832,0.088336505,-0.5205857,0.00044598148,0.10029268,0.4913799,D,0.50698775,0.484231,0.5121838,0.31547973,0.31482193
R273C,P,-1.2893741,-3.0319755,-0.71485984,8.118681,-2.0742152,-6.083299,-0.79418564,-7.285292,-4.5871954,0.713649,-1.3560184,-3.6617644,-1.3935009,-2.1420174,D,0.7310586,3.690614e-34,1.0,0.0,0.0
R273G,P,0.033930328,-1.6657808,-0.6655077,-0.020621695,-0.024040125,-0.105667785,0.5874903,0.7041429,0.1930485,-0.5605079,0.25423354,-0.2546878,-0.5858007,0.16847011,D,0.7298823,0.0029869624,0.9970123,0.054404825,0.054404907
R273H,P,0.059899777,-0.073126435,0.017094187,-0.15635021,0.22824705,0.10877652,0.06284358,0.16198951,0.109743305,0.001868916,-0.047048487,-0.4006264,0.218529,0.36913037,U,0.53073347,0.55907136,0.4359823,0.30667284,0.30507827
R273L,P,-0.3766482,0.40548834,0.31192318,-0.13453214,0.08663596,0.4380265,-0.043391984,-0.094792575,0.54678166,-1.043974,0.639354,-0.8099713,-0.030855687,0.056049526,D,0.6727587,0.13832918,0.8590181,0.21755987,0.21912722
R273P,P,0.1954226,0.91759396,0.52536434,-0.09422771,-0.059570175,-0.6927209,-0.2574543,0.3867334,0.59173506,-0.17091323,-0.16011508,0.85789067,-0.0045968536,-0.1501846,D,0.70158505,0.072198205,0.9270551,0.16081943,0.16130897
R273S,P,-0.011271105,0.7620347,-2.2298677,-0.23945901,0.0520494,-0.62709033,-2.5221438,0.61120254,0.69837475,0.31815723,-0.9328627,0.4457047,0.2710416,0.64023286,D,0.72908646,0.004813186,0.9948058,0.036997695,0.038914714
R282G,P,-0.22685787,0.22586998,-1.0319781,-0.09355802,-0.37335157,-1.2812881,-0.42607737,-0.028457474,-0.35796672,-0.23169945,0.77091247,0.024808241,-0.2345328,0.3301914,D,0.7284963,0.0064170505,0.99342376,0.056256767,0.05672374
R282P,P,-0.41969806,0.92426807,-1.1046528,-0.101552494,-2.1586914,-0.18695246,-2.294427,-0.31125224,-0.035992816,-0.4454132,1.0867383,-0.24790594,0.057000726,-1.2232271,D,0.7298627,0.003035897,0.9969618,0.05452076,0.054519307
R282W,P,9.415852,0.13838348,-1.6816719,0.36110765,-0.18551452,1.3339032,1.6850346,-0.0147094885,-1.8074476,-0.052177258,1.9068875,0.090327345,1.9767795,-1.6232804,D,0.73014367,0.002183093,0.99753463,0.039837707,0.044988587
S215I,P,-0.42031056,1.0861912,0.44212008,-0.1495399,-0.17526715,0.43152303,0.17673871,-0.20229493,0.918685,-0.32223377,-0.4504972,-1.273309,-0.36136293,-0.12972738,D,0.7185746,0.030936299,0.9683385,0.10051405,0.10144558
S241Y,P,-0.7108947,1.0407012,0.4792279,-0.15566769,0.34262672,0.6308107,0.25712535,-0.15649621,0.19396196,-0.97863346,-1.1006382,0.43435788,-0.21042293,0.37307128,D,0.6955749,0.08690263,0.91321605,0.20775573,0.20707382
T125K,P,0.14753535,0.6750161,1.1668001,0.11489761,-0.5373404,-2.0523682,1.4588653,0.64434457,-0.08649508,-0.16114561,0.82776886,0.5359048,0.27531183,-0.88416713,D,0.72950524,0.003900211,0.99601406,0.043052528,0.043819096
T125R,P,-0.36232165,0.34433532,-0.123364784,-0.13726832,0.19012024,-0.58822036,0.17895894,-0.16576388,0.1698441,0.015247152,0.06855145,0.13268073,-0.05169523,0.40859565,D,0.7022144,0.07059055,0.92845565,0.16569331,0.16646688
V173A,P,-0.043424502,-0.21164443,-0.14955112,-0.18169397,0.244796,-0.095088944,-0.013523907,-0.00023311279,0.124282196,0.062186807,0.51866573,0.3256951,0.08602351,0.33249766,D,0.6919641,0.09442793,0.9037457,0.17565307,0.17694525
V173L,P,-0.39618552,1.2942228,0.67948884,-0.35369128,0.23777762,1.5649216,-0.120422706,0.009844296,0.42417592,0.09446097,-1.373241,-0.015622473,0.8693836,-0.10392611,D,0.7305074,0.0013898083,0.99858797,0.023149317,0.023393296
V173M,P,0.06587255,-1.3348907,0.5464555,-0.152446,-0.23704474,0.06459755,-1.0182163,0.33179185,0.78654116,0.14819437,-0.120581836,0.5259639,0.45241278,-0.2044582,D,0.6937022,0.09020193,0.9076869,0.21374391,0.21585207
V218M,P,0.00525972,-0.3163615,-0.15585096,-0.14952913,-0.23186527,-0.09695391,-0.19441639,0.06671809,0.5017836,-0.08402723,0.07029021,0.66289276,-0.19555184,-0.03231998,D,0.64499986,0.20063207,0.79776424,0.28558418,0.28591728
Y163C,P,0.22686236,0.16941153,-1.3976989,0.16052692,-0.06020799,-0.08355833,1.1952776,-0.62134045,-1.2034175,9.049337,0.06119082,-0.16192289,1.3378499,-1.7296567,D,0.7310586,8.451663e-31,1.0,0.0,0.0
Y220C,P,-0.9228893,0.23375528,-4.291799,-0.1389484,-0.65579283,1.2797626,-1.7822255,-1.3409973,-5.668913,-0.07295967,0.65106463,-0.053895146,1.4184375,-2.0176513,D,0.7310586,2.0547028e-24,1.0,3.743392e-23,0.0
Y220S,P,-0.07946131,0.5499166,0.36896417,-0.12795705,0.02435127,0.19847678,0.7295554,0.31096444,0.52448106,0.008788444,-0.06794865,0.061460245,-0.37230366,-0.25114915,D,0.6424961,0.20606963,0.7922842,0.24588217,0.24599147
Y234C,P,0.06554871,1.3199297,-0.3996101,-0.31683576,0.063602924,0.3068354,0.9390212,-0.16659473,0.6704323,0.30624,-2.0740788,2.4864697,0.88314974,0.20367253,D,0.73002845,0.002616766,0.9973836,0.047741212,0.04773326
Y234H,P,-0.37926334,0.17560442,0.39412862,-0.08113742,-0.038859814,-0.3561344,0.81080836,0.06061555,0.44167748,-0.030258693,-0.46883476,-0.4746487,-0.5037058,0.04483281,D,0.6799308,0.122108206,0.87556183,0.16872641,0.16998555
G279E,P,-0.20857716,-1.1823744,0.76936287,-0.21832271,-0.014276245,-0.14040367,-0.4477498,0.32840356,-0.02382231,0.5098215,0.7346804,1.1283927,-0.14817676,0.34043837,D,0.71625084,0.03670385,0.96264356,0.10400837,0.10494335
