mutants,B/P,dim1,dim2,dim3,dim4,dim5,dim6,dim7,dim8,dim9,dim10,dim11,dim12,dim13,dim14,dim15,dim16,dim17,dim18,dim19,dim20,U/D,certainty,P(U),P(D),SD(P(U)),SD(P(D))
A272V,B,-0.0032091797,-0.17526877,-0.013241829,0.012754012,0.056958474,-0.043647032,-0.04578957,0.0654983,-0.15283069,-0.27120176,0.18898323,-0.09344369,-0.27396864,-0.08044983,-0.47074538,-0.07980497,-0.13225262,-0.4203715,-0.027183602,-0.15146366,U,0.6941902,0.909526,0.08974361,0.14016892,0.13971606
D167H,B,-0.30327338,-0.6439965,-0.21083306,-0.012979026,-0.070206895,-0.3073533,-0.24164706,-0.3090864,-0.3912661,0.5819451,0.28687736,-0.014946246,-0.12491538,0.043752294,-0.20784615,-0.08811636,0.09201586,-0.6158638,0.8648857,-0.1520855,U,0.7150243,0.9598427,0.039929993,0.10890846,0.10883993
E198G,B,0.03320695,-1.1076826,0.02205566,-0.2712217,-0.55179596,-0.31304377,-0.6041882,-0.38587147,0.9214428,0.98817354,0.9264372,0.81611586,-0.9336318,-0.23892024,1.273985,-0.14009127,-0.13543011,0.25495195,0.37081328,-0.054279584,U,0.7234749,0.98087513,0.019110518,0.0795113,0.07984303
G322D,B,-0.10082989,0.012722543,-0.04671132,-0.13221145,-0.23159648,-0.030758895,-0.040894408,0.07226708,-0.3938738,-0.41352946,-0.08595485,0.08708927,0.04259038,-0.11489553,-0.16470113,0.16480921,-0.20192368,0.07111295,-0.17685653,0.020142594,U,0.6757046,0.86674666,0.13264532,0.19544737,0.19514166
G759E,B,-0.09594126,0.099817745,-0.040839326,-0.021826869,-0.043499846,0.14659104,0.03754449,-0.32593992,-0.78824747,0.5638631,-0.38789088,-0.09238516,0.29889235,-0.18901119,0.59324336,0.138648,0.080148056,0.3374994,0.49607676,6.19197,U,0.7309472,0.99971586,0.0002824336,0.003907507,0.0038984653
L390F,B,-0.28615433,-0.07601776,-0.2777087,-0.12742822,0.04292176,-0.24172403,-0.39293844,0.4488696,-0.40717334,-0.9197492,0.19718453,0.26784497,-0.97846985,6.5742335,-0.41859215,-0.14622787,-0.12398443,0.067669936,-0.63915765,-0.29782334,U,0.73098713,0.99981815,0.00018135381,0.0031846357,0.0031870971
N127S,B,-0.030881245,-0.9151692,0.07717941,-0.0002952521,-0.1603896,-0.3067201,-0.6818587,0.10236132,0.5933827,0.17335568,1.0218971,0.9500276,-1.3004773,0.13235171,0.47712713,-0.3305791,-0.26137504,-0.043625116,-0.24638076,-0.10976922,U,0.72438735,0.98313147,0.016801715,0.061590202,0.06181746
Q629R,B,-0.030509997,-0.57688195,0.28968546,0.026762525,-0.070893876,-0.32683495,-0.3841215,-0.08625293,0.49845716,0.32009596,0.6875496,0.5125319,-0.6835399,-0.17250279,0.766605,-0.20493509,-0.16774899,0.026689662,0.0047960533,-0.21240364,U,0.7122382,0.9531069,0.04682771,0.11376364,0.11400539
R106K,B,0.0051239547,-1.1308938,0.12920117,-0.27927998,-0.4806109,-0.4723118,-0.5858259,-0.24106258,0.889053,0.6668452,0.936979,0.8360663,-1.0201641,-0.12648384,1.2047478,0.050137993,-0.05801302,0.2513914,0.16520175,-0.085188806,U,0.7260979,0.9874413,0.012527323,0.066807464,0.06719405
T8M,B,-0.2784495,0.11128646,0.025162783,0.17966896,-0.24103422,-0.09904814,0.18036672,-0.15542585,-1.9533434,-0.676745,-0.7691729,-0.99363405,0.73031795,-0.114924915,-0.6122882,-0.5329147,-0.18892643,-1.3273596,0.7867754,0.1436089,U,0.71200913,0.95230323,0.047141336,0.120590076,0.119712144
T564A,B,-0.11883258,-0.4429139,-0.15925469,0.19307974,0.10769643,-0.3700332,-0.1603432,-0.3347979,-0.4570138,0.3822105,0.4482167,-0.2974914,0.16526298,-0.13234371,0.051985662,-0.30937228,-0.14393498,-0.69578904,0.86921555,-0.12072552,U,0.7069627,0.9400379,0.059359886,0.124601245,0.12383013
V3L,B,5.5073586,0.04551023,-0.0101962155,0.023465825,0.008017196,-0.13182753,-0.0487027,0.018876353,0.2949635,-0.08463888,0.23342523,-0.2914878,0.1569504,-0.05015547,0.10760243,-0.05938345,0.04561135,0.079490066,-0.03586129,-0.12459303,U,0.729391,0.99575615,0.0042214794,0.027993592,0.027894989
A636P,P,-0.07885464,0.34331587,-0.17630322,-0.08542954,-0.049716786,0.007898429,-0.20016775,0.22776349,0.37001097,-1.0865844,-0.0061013005,0.19094026,-0.54207057,0.070042446,-0.52686965,-0.04606287,-0.29364097,0.061595336,-1.2481934,-0.39600742,D,0.69504106,0.08784097,0.9116346,0.20990032,0.21018925
C199R,P,0.07029009,0.06532118,0.0633423,-0.11222942,-0.19417927,0.16704476,-0.15178087,0.04643046,0.4339028,-0.42599195,0.03412615,0.28827983,-0.15334824,-0.14218952,0.05082477,-0.056700762,-0.22974692,0.32306665,-0.53261596,0.0026767333,D,0.65734076,0.17406751,0.8255334,0.2900805,0.29005143
C333R,P,0.003914893,0.083384834,-0.23678967,-0.025285866,-0.0024140435,-0.033657815,-0.18562008,-0.12752575,0.19317195,-0.34925917,0.15875717,-0.2430167,0.18404528,-0.14191782,-0.47299835,-0.2382714,-0.16385104,-0.08639177,-0.09628789,-0.18070361,D,0.62759954,0.23803039,0.7599626,0.3176389,0.318066
C333W,P,-0.24711265,0.14456105,-0.11053326,-0.022370858,-0.07332187,-0.13182674,-0.008262678,-0.07815966,-0.63498896,-0.101553686,-0.11753594,-0.630706,0.373533,-0.07145944,-0.56022847,-0.30754465,-0.23716038,-0.46358362,0.16732456,-0.08780097,D,0.6229331,0.24787089,0.74988747,0.33783674,0.3381546
C333Y,P,-0.15757836,0.114661716,-0.1928473,-0.10561315,-0.043441586,-0.020688938,-0.18009552,-0.13902685,0.111487985,-0.05622387,-0.08626433,-0.20656885,0.27759773,-0.085837424,-0.04236126,-0.12454869,-0.00088597584,0.119355485,-0.020244986,-0.15418158,D,0.66219884,0.16263805,0.8357465,0.2744525,0.27513915
C697F,P,-0.119771235,-0.17918277,-0.10420375,-0.043816216,-0.21201205,-0.12417677,-0.21184428,-0.13978285,0.107854076,0.13713032,0.30718556,0.03532351,0.012655153,-0.1386289,0.2839505,-0.07305255,-0.30698937,-0.03937268,0.25344893,-0.17565705,D,0.53943735,0.42054585,0.5786236,0.38959497,0.38933763
C697R,P,0.39446858,0.37164193,-0.08363174,-0.12272104,0.38277116,6.152496,-0.18671475,-0.069991946,0.4959428,0.6170279,0.13387486,0.3344666,0.8807536,-0.16489954,1.0572879,0.3702599,0.2214968,0.30464357,0.61979765,0.42361563,D,0.7303684,0.0017642071,0.9982564,0.03219126,0.03181621
G162R,P,0.034572557,-0.22664244,-0.076643355,-0.084372364,-0.19638713,0.017399076,-0.13357791,-0.20078593,0.12833622,0.2101689,0.19794802,0.013795721,-0.03745165,-0.00054303603,0.03252061,0.0021365592,-0.05183359,0.021029392,0.053412873,-0.06855856,D,0.61254585,0.27086443,0.7288907,0.34092122,0.34071285
G587C,P,0.65098447,0.12910713,-0.15288773,0.023320954,0.56252104,0.2146979,6.251916,-0.16248684,-1.8733072,0.11995313,-1.7863064,-0.5251053,0.39242852,-0.14043531,0.089841165,0.22934933,-0.21097629,0.10265158,0.28487006,0.05890808,D,0.7310474,2.8650595e-05,0.99997187,0.00051930494,0.00050889235
G587R,P,0.05605955,-0.47331518,0.21713337,5.7308655,0.34907937,-0.4253601,-0.0894034,-0.12697852,-0.94878906,0.28851506,1.1250561,-0.24073544,-0.3856755,-0.116863444,0.26668745,-0.15109053,-0.13736907,-1.5882406,0.96600646,-0.08315598,D,0.72307867,0.020136414,0.97992116,0.122332945,0.12214097
G669V,P,-0.32536027,0.4261789,-0.24667607,-0.17263862,-0.076595955,0.018997626,0.037902374,-0.2508553,-0.57903475,-0.23557456,-0.6834677,-0.7652467,1.0240834,-0.11922537,-0.72611237,-0.17051595,0.13369142,-0.19512267,0.22429015,-0.046750527,D,0.70337254,0.067627035,0.9310366,0.17462705,0.17536962
G683R,P,-0.19315848,0.2509875,-0.05771816,0.113505036,0.031647522,-0.09922471,-0.013483197,-0.049421094,-0.79449946,-0.36201668,-0.06194152,-0.5502774,0.52851796,-0.055364467,-0.55921936,-0.1538747,-0.07629464,-0.5013216,0.2851567,0.08316907,D,0.6449309,0.20076168,0.79759246,0.2968549,0.29710263
G692R,P,-0.049468298,-0.08843731,-0.070856586,-0.01895122,0.10957173,-0.087985486,-0.05029762,-0.041449882,-0.30266115,-0.22470972,0.045571715,-0.275179,0.08462272,-0.10846884,-0.1591,0.065765075,-0.018197417,-0.3541408,0.107323684,-0.05019433,D,0.56222576,0.37405768,0.6242578,0.36449066,0.3643462
G751R,P,-0.31656253,0.20668802,-0.20476721,-0.057007756,-0.051049106,0.035615224,0.042176034,-0.16114217,-0.7623485,-0.2892608,-0.46176368,-0.63099945,0.79740953,-0.18009388,-0.23351707,-0.19287929,-0.1774247,-0.48801446,0.55871415,0.037682056,D,0.6466597,0.19688378,0.8012724,0.30654883,0.30700666
H639Y,P,-0.2689076,0.25666037,-0.0993117,-0.052030843,-0.04853665,-0.0460591,0.021618528,-0.017499942,-0.469889,-0.3586928,-0.20219499,-0.44236368,0.30708212,-0.1209767,-0.55782354,-0.37198946,-0.10810137,-0.385147,0.08464269,-0.031533234,D,0.6331376,0.22573741,0.7714381,0.30460975,0.30532992
L173R,P,-0.27156943,-0.038167015,-0.06290694,-0.05246937,0.082861714,-0.085917175,-0.15872978,-0.29326096,0.18430102,0.5789232,-0.23810278,-0.38357905,0.34973377,-0.20921558,0.79904073,-0.15650882,5.868793,0.32336643,0.37520042,-0.19014274,D,0.7310585,2.1540232e-07,0.9999998,2.3773578e-06,2.4883789e-06
L187P,P,-0.14741997,-0.45910972,-0.03184877,-0.129851,-0.24918021,-0.06577223,-0.20405295,-0.06220882,0.45244092,-0.21508814,0.275345,0.21073969,-0.5185826,0.009009247,-0.10628039,-0.10478292,-0.15343513,-0.17014888,-0.1560555,-0.17761832,D,0.5906949,0.3165904,0.6834293,0.3561264,0.35597813
L187R,P,0.005619844,0.02777854,0.05840087,-0.12108278,-0.15130681,0.19251704,-0.10328156,0.08177148,0.18011537,-0.33721158,-0.09902967,0.08694809,-0.121544115,-0.09508386,-0.28198034,-0.11556765,-0.15321784,0.05612549,-0.5195814,-0.2405122,D,0.63270634,0.22747451,0.77131927,0.32319608,0.32349336
L310P,P,-0.049078286,0.5989948,-0.14031231,-0.15298377,0.08031941,0.04254685,0.026304213,0.19492333,0.024124049,-0.8623369,-0.3721655,-0.36586553,0.30002353,-0.12184746,-0.7543123,-0.15088275,-0.019940022,0.24384701,-0.66537285,-0.2523175,D,0.70303345,0.06852567,0.93031085,0.17101243,0.17201138
L330P,P,-0.5160155,-1.2485977,-0.3308822,-0.018714922,-0.47688788,-1.0534621,-0.5584168,-0.84361935,-0.119504824,1.7370423,1.2216629,-0.26239735,0.016873209,-0.23364905,1.0652926,-0.26909003,0.12259323,-0.42014295,2.4242368,-0.25623032,D,0.69325864,0.09250222,0.9079005,0.23526919,0.23486343
L440P,P,-0.06463188,0.1390611,-0.09338371,-0.025287012,0.21051016,-0.086090185,-0.003917525,-0.007073535,-0.48134744,-0.35948685,-0.17234662,-0.40540445,0.33144203,-0.053900816,-0.426971,-0.02034245,-0.1537467,-0.25516233,-0.02937717,0.10178545,D,0.61535877,0.26429638,0.7341909,0.32740137,0.32753515
L595R,P,0.03586093,0.09939446,-0.10406168,0.06403234,4.4508533,-0.12695885,-0.081772104,-0.02938826,0.35986236,0.28985444,0.4365627,-0.28490072,0.42683795,-0.17779607,0.21761407,-0.00912546,0.12068508,-0.40166792,0.26599708,0.012582918,D,0.7122278,0.046892982,0.9531216,0.17878038,0.17870995
M688R,P,-1.2107315,2.7781065,-1.6521726,-1.4866332,-0.9655563,0.026357759,0.1723924,-1.5343841,1.4578867,1.3107985,-2.6491795,-1.49583,3.4354253,-1.1695011,0.046880435,-0.3250628,-1.1034027,2.437057,0.80961657,-0.91355556,D,0.7307685,0.0007372432,0.9992626,0.012509283,0.012445065
P349L,P,0.12859339,-0.14420545,0.0149042895,-0.033526927,0.21518329,-0.10526925,-0.31997064,0.024746258,0.7981209,0.2577788,0.47594672,0.47155738,-0.033255704,-0.11736876,0.9594839,5.913168,-0.019519497,0.64590824,-0.008405684,-0.13896333,D,0.7310335,6.471123e-05,0.99993724,0.001122532,0.001088898
P349R,P,-0.19214042,0.38387167,-0.1915446,-0.16592057,-0.06578492,-0.046265498,0.15521817,-0.20575689,-1.1783406,-0.12947258,-0.96332914,-0.71717155,1.0647911,-0.17075041,-0.42570284,0.11812255,-0.17173253,-0.32240498,0.5033151,0.2164142,D,0.6518465,0.18587366,0.8130394,0.30925232,0.3094398
P622L,P,-0.10004216,0.16336471,-0.026384234,-0.011461208,-0.065385275,0.03314215,-0.33655056,0.34842464,1.4770375,-0.56484365,0.40000275,4.216259,-1.293072,0.01882237,0.663452,0.1524617,-0.1303922,1.4761384,-1.6989903,-0.36709875,D,0.72234005,0.022015445,0.9781143,0.11506125,0.11476686
P696L,P,-0.22681576,0.15938678,-0.12356571,-0.1391398,-0.26371905,0.019874651,-0.2272915,0.101775795,0.4336561,-0.5628062,-0.18988192,0.28959724,-0.30248314,0.030839814,-0.18200673,-0.071426995,-0.048331913,0.31576842,-0.8105679,-0.144058,D,0.69271153,0.093330674,0.90615755,0.20763138,0.20774978
R359S,P,-0.027453277,-0.21810888,-0.08601998,-0.14226839,-0.20975117,-0.1550438,-0.378531,0.036026325,1.0097514,-0.28349036,0.19816045,0.58939517,-1.0577723,0.042325117,-0.06145669,-0.34470427,-0.12845863,-0.005297747,-0.8608014,-0.36683494,D,0.65616155,0.17695263,0.8231877,0.29888898,0.29866374
S554C,P,-0.1839689,-0.2510232,-0.19228747,-0.040993057,-0.34976262,-0.22059746,-0.14683829,-0.23136602,-0.22939391,0.32840627,-0.10351752,-0.3263715,0.18391602,-0.05047724,0.2203476,-0.0363645,0.20922337,-0.21375008,0.53273207,-0.014017121,D,0.62863606,0.23659146,0.76296145,0.3293584,0.32928282
S554G,P,-0.3348219,-0.012382138,-0.18585426,0.1401244,0.16075127,-0.13891971,-0.03381905,-0.21940857,-0.77031344,0.10937897,-0.10269036,-0.5533513,0.67910326,-0.14784874,-0.30072275,-0.25764748,-0.12072929,-0.77172685,0.7552172,0.0047505945,D,0.57837903,0.34113863,0.6572612,0.37817797,0.37807268
S554N,P,-0.28858608,-0.21352297,-0.21434,-0.1038077,0.06437316,-0.16042732,-0.15233757,-0.27900213,-0.72128636,0.06453196,-0.11405675,-0.66909504,0.4951244,-0.18601517,-0.10277232,-0.124165416,0.12069533,-0.7098831,0.8016354,-0.051024664,D,0.60779107,0.28034008,0.7183766,0.37429345,0.3742422
S554T,P,0.3276602,-0.38586783,6.1836815,0.06756222,0.49655634,0.04294797,-0.1829407,0.2793741,0.3781632,0.49610257,1.1342953,0.5426255,-0.7316119,-0.1706449,1.676738,0.22778042,0.34502298,-0.03373197,0.005404846,0.19151357,D,0.73105705,3.8143655e-06,0.99999607,5.298495e-05,5.4275664e-05
V163G,P,0.007240767,-0.15040192,-0.057549875,-0.044607267,-0.35343632,-0.13069043,-0.19849984,0.019122278,0.25389808,-0.23031898,0.24889344,0.2753053,-0.48131636,-0.09696519,-0.06875888,-0.33663684,-0.29043606,-0.10883252,-0.448105,-0.2505509,D,0.5812588,0.33572763,0.66367054,0.36462584,0.36454692
V200D,P,-0.03460115,-0.1670065,-0.13206337,-0.17668957,-0.16051751,0.025905544,-0.17949782,-0.058567498,0.18675724,-0.38872904,-0.08482856,0.0057597137,-0.34919128,-0.014773894,-0.22296257,-0.19858067,-0.17340943,-0.1672663,-0.36252436,-0.14092784,D,0.62125146,0.2520194,0.7468829,0.3296646,0.32981154
V695M,P,-0.525859,3.6823814,0.007350855,-0.14519899,0.17257676,0.05249583,0.2780749,5.803146,0.29076236,-3.4495196,-1.2532291,0.019628571,0.14461274,-0.37475973,-1.8298521,0.25235438,-0.8096262,1.3742865,-3.3476453,-0.44377092,D,0.73031056,0.0019003086,0.99809915,0.03433129,0.034314502
M453K,P,-0.099327706,-0.056377646,-0.12500337,-0.14591421,-0.16751562,0.04611027,-0.09969679,-0.027930794,0.25044882,-0.07707439,-0.09905273,0.095159374,-0.058462247,-0.061687384,-0.0015831811,-0.054394625,-0.29497492,0.051689148,-0.29142007,-0.15151894,D,0.63876635,0.21450917,0.7845229,0.3188457,0.31909725
V161D,P,-0.14533195,-1.0443848,-0.56788284,-1.1266047,-1.5061388,-1.1525304,0.4300537,-0.64255255,1.4506652,1.9389155,0.3941616,1.127834,-1.9168674,-0.29617697,-0.82554424,-0.8633009,-0.54168105,2.076388,-1.664646,-0.4767353,D,0.6533779,0.18318486,0.8171054,0.34523183,0.34524027
V163D,P,0.16229536,-0.26862654,-0.19807681,-0.56427765,0.19745284,-0.10240749,0.33013788,-0.033316273,0.18345824,1.1550932,-0.62509716,-0.5057361,-0.38675594,-0.36631986,-0.601948,-0.46845305,0.379118,-0.23736183,0.2501653,-0.33006734,D,0.51522154,0.46967858,0.53058344,0.44417822,0.44426537
